A,7,numbah one,kdodd,Science
A,7,numbah one,kdodd,Science
A,7,numbah one,kdodd,Science
A,7,numbah one,kdodd,Science
A,7,numbah one,kdodd,Science
A,7,numbah one,kdodd,Science
A,7,numbah one,kdodd,Science
A,7,numbah one,kdodd,Science
A,7,numbah one,kdodd,Science
A,7,numbah one,kdodd,Science
A,7,numbah one,kdodd,Science
A,7,numbah one,kdodd,Science
A,7,numbah one,kdodd,Science
A,7,numbah one,kdodd,Science
A,7,numbah one,kdodd,Science
A,7,numbah one,kdodd,Science
A,7,numbah one,kdodd,Science
A,7,numbah one,kdodd,Science
A,7,numbah one,kdodd,Science
A,7,numbah one,kdodd,Science
A,7,numbah one,kdodd,Science
A,7,numbah one,kdodd,Science
A,7,numbah one,kdodd,Science
A,7,numbah one,kdodd,Science
A,7,numbah one,kdodd,Science
A,7,numbah one,kdodd,Science
A,7,numbah one,kdodd,Science
A,7,numbah one,kdodd,Science
A,7,numbah one,kdodd,Science
A,7,numbah one,kdodd,Science
A,7,numbah one,kdodd,Science
A,7,numbah one,kdodd,Science
A,7,numbah one,kdodd,Science
A,7,numbah one,kdodd,Science
A,7,numbah one,kdodd,Science
A,7,numbah one,kdodd,Science
A,7,numbah one,kdodd,Science
A,7,numbah one,kdodd,Science
A,7,numbah one,kdodd,Science
A,7,numbah one,kdodd,Science
A,7,numbah one,kdodd,Science
A,7,numbah one,kdodd,Science
A,7,numbah one,kdodd,Science
A,7,numbah one,kdodd,Science
A,7,numbah one,kdodd,Science
A,7,numbah one,kdodd,Science
A,7,numbah one,kdodd,Science
A,7,numbah one,kdodd,Science
A,7,numbah one,kdodd,Science
D,7,numbah two,kdodd,Science